FUN_000014-T1	MER0138795	Metallo	M	M24	355.1
FUN_000038-T1	MER0417925	Metallo	M	M41	89.0
FUN_000040-T1	MER0417925	Metallo	M	M41	90.5
FUN_000061-T1	MER1109131	Metallo	M	M100	217.2
FUN_000129-T1	MER0135228	Metallo	M	M38	298.5
FUN_000146-T1	MER1130320	Aspartic	A	A01	414.8
FUN_000184-T1	MER0267220	Cysteine	C	C85	139.8
FUN_000251-T1	MER0625291	Serine	S	S33	216.1
FUN_000253-T1	MER0136082	Threonine	T	T01	309.3
FUN_000256-T1	MER0216999	Serine	S	S01	93.2
FUN_000275-T1	MER0137014	Serine	S	S12	99.8
FUN_000315-T1	MER0424883	Cysteine	C	C19	263.1
FUN_000333-T1	MER1305062	Serine	S	S09	461.5
FUN_000342-T1	MER0050261	Serine	S	S08	176.8
FUN_000357-T1	MER0289478	Metallo	M	M17	343.6
FUN_000391-T1	MER0135134	Metallo	M	M20	676.8
FUN_000517-T1	MER0793782	Unknown	I	I87	171.0
FUN_000524-T1	MER0090290	Serine	S	S33	152.1
FUN_000585-T1	MER0137014	Serine	S	S12	100.9
FUN_000607-T1	MER1076893	Serine	S	S54	119.0
FUN_000656-T1	MER1248743	Metallo	M	M28	153.3
FUN_000662-T1	MER0038187	Serine	S	S33	289.7
FUN_000674-T1	MER0135101	Threonine	T	T01	297.0
FUN_000693-T1	MER0440987	Cysteine	C	C26	193.7
FUN_000718-T1	MER0494730	Metallo	M	M17	372.9
FUN_000766-T1	MER0176173	Cysteine	C	C14	309.7
FUN_000783-T1	MER1051666	Serine	S	S26	139.0
FUN_000811-T1	MER1050927	Serine	S	S26	167.9
FUN_000824-T1	MER0413366	Serine	S	S01	83.2
FUN_000880-T1	MER0713767	Cysteine	C	C19	143.7
FUN_000957-T1	MER0424907	Cysteine	C	C19	327.8
FUN_000961-T1	MER0065772	Cysteine	C	C26	487.3
FUN_000978-T1	MER0905101	Metallo	M	M67	132.1
FUN_000991-T1	MER0626029	Serine	S	S09	173.3
FUN_001019-T1	MER0598381	Serine	S	S08	288.9
FUN_001036-T1	MER1292262	Serine	S	S09	565.8
FUN_001127-T1	MER0401854	Serine	S	S08	203.8
FUN_001132-T1	MER0401854	Serine	S	S08	142.9
FUN_001141-T1	MER0982831	Serine	S	S08	75.9
FUN_001246-T1	MER0424902	Serine	S	S08	195.7
FUN_001279-T1	MER0034268	Serine	S	S09	125.2
FUN_001300-T1	MER0935015	Metallo	M	M28	182.2
FUN_001330-T1	MER0905739	Metallo	M	M67	515.8
FUN_001338-T1	MER0928180	Metallo	M	M16	186.4
FUN_001381-T1	MER0158050	Serine	S	S09	268.5
FUN_001426-T1	MER1229914	Metallo	M	M14	615.9
FUN_001432-T1	MER0088672	Serine	S	S08	192.6
FUN_001434-T1	MER0143173	Cysteine	C	C14	82.8
FUN_001493-T1	MER0413366	Serine	S	S01	107.1
FUN_001501-T1	MER0323931	Cysteine	C	C97	175.6
FUN_001576-T1	MER1300701	Serine	S	S09	442.2
FUN_001579-T1	MER0818748	Metallo	M	M03	281.2
FUN_001604-T1	MER0494730	Metallo	M	M17	372.9
FUN_001712-T1	MER0553465	Serine	S	S09	121.7
FUN_001723-T1	MER0051036	Serine	S	S08	147.5
FUN_001732-T1	MER0216999	Serine	S	S01	114.4
FUN_001754-T1	MER0626087	Serine	S	S33	141.7
FUN_001848-T1	MER0418277	Metallo	M	M76	113.2
FUN_001861-T1	MER0908353	Metallo	M	M76	71.6
FUN_001899-T1	MER1305062	Serine	S	S09	375.2
FUN_001909-T1	MER1305062	Serine	S	S09	375.2
FUN_001919-T1	MER1224559	Metallo	M	M13	1013.4
FUN_001936-T1	MER0136003	Cysteine	C	C44	337.0
FUN_001941-T1	MER0228321	Serine	S	S09	317.8
FUN_001943-T1	MER0228321	Serine	S	S09	315.8
FUN_001980-T1	MER0161739	Cysteine	C	C83	146.7
FUN_001981-T1	MER0424825	Threonine	T	T01	292.7
FUN_001985-T1	MER0452811	Threonine	T	T01	262.3
FUN_002044-T1	MER0236315	Serine	S	S08	195.7
FUN_002054-T1	MER0236327	Serine	S	S08	239.2
FUN_002143-T1	MER0645713	Cysteine	C	C13	106.3
FUN_002164-T1	MER1229558	Metallo	M	M14	384.0
FUN_002171-T1	MER0041548	Serine	S	S08	306.2
FUN_002192-T1	MER0268172	Serine	S	S09	98.2
FUN_002197-T1	MER0280604	Cysteine	C	C48	166.8
FUN_002211-T1	MER0637885	Serine	S	S33	203.0
FUN_002219-T1	MER0170364	Threonine	T	T01	278.5
FUN_002243-T1	MER1090461	Threonine	T	T01	250.4
FUN_002250-T1	MER0269263	Metallo	M	M41	141.4
FUN_002252-T1	MER0875562	Metallo	M	M41	283.9
FUN_002298-T1	MER1184499	Metallo	M	M03	1181.0
FUN_002306-T1	MER1184499	Metallo	M	M03	1181.4
FUN_002312-T1	MER0213858	Serine	S	S33	469.5
FUN_002327-T1	MER0697494	Cysteine	C	C15	109.8
FUN_002347-T1	MER0136004	Serine	S	S33	180.6
FUN_002375-T1	MER0455134	Cysteine	C	C44	471.1
FUN_002439-T1	MER0728616	Cysteine	C	C48	84.7
FUN_002511-T1	MER0414684	Metallo	M	M01	167.5
FUN_002581-T1	MER0253991	Metallo	M	M67	100.5
FUN_002669-T1	MER0743736	Cysteine	C	C83	268.9
FUN_002673-T1	MER1151592	Metallo	M	M50	74.7
FUN_002718-T1	MER0209055	Serine	S	S09	82.0
FUN_002728-T1	MER0413366	Serine	S	S01	98.6
FUN_002731-T1	MER0417925	Metallo	M	M41	94.0
FUN_002760-T1	MER1297082	Serine	S	S09	237.3
FUN_002800-T1	MER0327868	Metallo	M	M80	120.6
FUN_002912-T1	MER0285953	Serine	S	S54	88.6
FUN_003010-T1	MER0136004	Serine	S	S33	176.8
FUN_003037-T1	MER0424809	Threonine	T	T01	283.5
FUN_003097-T1	MER1171238	Cysteine	C	C12	392.1
FUN_003101-T1	MER0118531	Metallo	M	M01	244.6
FUN_003102-T1	MER0282573	Metallo	M	M01	344.0
FUN_003106-T1	MER1072349	Serine	S	S49	73.6
FUN_003156-T1	MER0149637	Serine	S	S09	84.3
FUN_003184-T1	MER0967516	Serine	S	S08	153.3
FUN_003187-T1	MER1249016	Metallo	M	M28	350.1
FUN_003208-T1	MER0714974	Cysteine	C	C19	143.3
FUN_003223-T1	MER0296861	Serine	S	S10	206.8
FUN_003255-T1	MER0447794	Cysteine	C	C26	85.9
FUN_003257-T1	MER0524325	Aspartic	A	A22	293.9
FUN_003272-T1	MER0858621	Metallo	M	M36	419.1
FUN_003331-T1	MER0265423	Metallo	M	M67	173.3
FUN_003333-T1	MER0792007	Unknown	I	I87	193.0
FUN_003371-T1	MER0293661	Cysteine	C	C19	268.1
FUN_003377-T1	MER0239966	Serine	S	S08	240.0
FUN_003480-T1	MER0135085	Serine	S	S09	125.2
FUN_003523-T1	MER0711761	Cysteine	C	C19	136.0
FUN_003636-T1	MER0254385	Cysteine	C	C85	96.7
FUN_003676-T1	MER1244859	Metallo	M	M24	550.8
FUN_003685-T1	MER0138715	Cysteine	C	C14	310.8
FUN_003688-T1	MER0039484	Cysteine	C	C14	73.2
FUN_003696-T1	MER0136044	Serine	S	S09	190.7
FUN_003736-T1	MER0976701	Serine	S	S08	330.9
FUN_003773-T1	MER0417925	Metallo	M	M41	93.2
FUN_003798-T1	MER0474947	Metallo	M	M02	509.2
FUN_003883-T1	MER1136801	Metallo	M	M24	140.2
FUN_003926-T1	MER0442818	Cysteine	C	C26	322.4
FUN_003969-T1	MER0233560	Serine	S	S08	287.7
FUN_003989-T1	MER0135086	Metallo	M	M38	380.6
FUN_004041-T1	MER0728299	Cysteine	C	C48	79.3
FUN_004046-T1	MER0003486	Threonine	T	T01	237.7
FUN_004099-T1	MER1305062	Serine	S	S09	309.7
FUN_004129-T1	MER0318214	Cysteine	C	C14	81.3
FUN_004156-T1	MER0191173	Metallo	M	M67	218.0
FUN_004189-T1	MER0233560	Serine	S	S08	178.7
FUN_004214-T1	MER1016972	Serine	S	S14	270.0
FUN_004239-T1	MER0936307	Unknown	G	G05	127.5
FUN_004245-T1	MER0236316	Serine	S	S08	74.3
FUN_004249-T1	MER0005145	Metallo	M	M28	98.2
FUN_004253-T1	MER0156515	Serine	S	S09	151.4
FUN_004320-T1	MER0048316	Serine	S	S08	156.4
FUN_004356-T1	MER1305062	Serine	S	S09	328.6
FUN_004414-T1	MER0433805	Cysteine	C	C19	328.9
FUN_004423-T1	MER0050690	Serine	S	S08	276.6
FUN_004430-T1	MER1118992	Metallo	M	M24	187.6
FUN_004432-T1	MER0191797	Serine	S	S08	134.0
FUN_004447-T1	MER0041548	Serine	S	S08	195.3
FUN_004456-T1	MER1097621	Threonine	T	T03	409.5
FUN_004475-T1	MER1172720	Cysteine	C	C12	290.8
FUN_004506-T1	MER0417925	Metallo	M	M41	110.5
FUN_004572-T1	MER0494730	Metallo	M	M17	371.3
FUN_004599-T1	MER0990122	Serine	S	S08	87.4
FUN_004639-T1	MER0481445	Metallo	M	M24	271.6
FUN_004684-T1	MER0966788	Serine	S	S01	144.8
FUN_004704-T1	MER0424853	Threonine	T	T01	241.5
FUN_004708-T1	MER0280485	Aspartic	A	A28	167.5
FUN_004721-T1	MER0051036	Serine	S	S08	131.0
FUN_004741-T1	MER0239966	Serine	S	S08	177.2
FUN_004747-T1	MER0442464	Cysteine	C	C26	198.0
FUN_004749-T1	MER0148842	Serine	S	S09	203.0
FUN_004760-T1	MER0112638	Metallo	M	M67	123.2
FUN_004858-T1	MER0135134	Metallo	M	M20	676.4
FUN_004891-T1	MER0187574	Metallo	M	M38	242.3
FUN_004903-T1	MER1229851	Metallo	M	M14	428.3
FUN_004920-T1	MER0990916	Serine	S	S08	99.8
FUN_004932-T1	MER1289393	Serine	S	S08	188.0
FUN_004937-T1	MER0015270	Metallo	M	M16	160.2
FUN_004984-T1	MER0289478	Metallo	M	M17	341.3
FUN_005023-T1	MER0236520	Metallo	M	M76	254.6
FUN_005050-T1	MER0094341	Metallo	M	M16	169.5
FUN_005087-T1	MER0975923	Serine	S	S08	135.2
FUN_005187-T1	MER0481094	Serine	S	S09	157.9
FUN_005248-T1	MER1229851	Metallo	M	M14	137.5
FUN_005327-T1	MER0247674	Serine	S	S08	98.6
FUN_005346-T1	MER0318178	Cysteine	C	C14	114.8
FUN_005490-T1	MER1289393	Serine	S	S08	364.8
FUN_005537-T1	MER0136004	Serine	S	S33	181.0
FUN_005609-T1	MER0228911	Cysteine	C	C26	166.0
FUN_005638-T1	MER0293661	Cysteine	C	C19	268.9
FUN_005640-T1	MER0988728	Serine	S	S08	160.6
FUN_005660-T1	MER0993358	Serine	S	S09	99.8
FUN_005690-T1	MER0041548	Serine	S	S08	117.9
FUN_005694-T1	MER1245383	Metallo	M	M24	152.9
FUN_005702-T1	MER0135456	Metallo	M	M01	104.8
FUN_005874-T1	MER1229558	Metallo	M	M14	516.9
FUN_005965-T1	MER0743736	Cysteine	C	C83	210.3
FUN_006015-T1	MER1286798	Serine	S	S08	203.8
FUN_006098-T1	MER0090290	Serine	S	S33	152.1
FUN_006297-T1	MER0164649	Metallo	M	M20	97.8
FUN_006320-T1	MER0896493	Metallo	M	M18	236.1
FUN_006436-T1	MER1109131	Metallo	M	M100	219.9
FUN_006480-T1	MER0923864	Metallo	M	M16	103.6
FUN_006517-T1	MER0986469	Serine	S	S08	167.2
FUN_006564-T1	MER1292262	Serine	S	S09	204.5
FUN_006666-T1	MER0148842	Serine	S	S09	161.8
FUN_006669-T1	MER0032932	Threonine	T	T05	203.8
FUN_006781-T1	MER0875562	Metallo	M	M41	160.2
FUN_006853-T1	MER0714286	Cysteine	C	C19	155.2
FUN_006885-T1	MER0493519	Serine	S	S33	187.6
FUN_006962-T1	MER0947394	Serine	S	S10	211.8
FUN_006966-T1	MER0196843	Aspartic	A	A28	131.3
FUN_007009-T1	MER0511603	Cysteine	C	C44	126.7
FUN_007049-T1	MER0493519	Serine	S	S33	186.0
FUN_007089-T1	MER0694377	Aspartic	A	A22	236.1
FUN_007157-T1	MER0424864	Cysteine	C	C19	261.2
FUN_007461-T1	MER0282573	Metallo	M	M01	101.7
FUN_007496-T1	MER0727292	Cysteine	C	C48	82.4
FUN_007498-T1	MER0323233	Threonine	T	T01	169.9
FUN_007537-T1	MER0998485	Serine	S	S09	145.2
FUN_007579-T1	MER0809079	Unknown	I	I87	104.4
FUN_007670-T1	MER0413690	Serine	S	S16	133.3
FUN_007701-T1	MER0240645	Serine	S	S08	198.0
FUN_007790-T1	MER0282941	Metallo	M	M01	332.8
FUN_007819-T1	MER0457408	Cysteine	C	C44	189.5
FUN_008068-T1	MER0447876	Cysteine	C	C26	119.8
FUN_008095-T1	MER0080485	Serine	S	S08	184.9
FUN_008125-T1	MER1181725	Metallo	M	M01	159.5
FUN_008192-T1	MER0233560	Serine	S	S08	183.0
FUN_008227-T1	MER0233560	Serine	S	S08	206.8
FUN_008233-T1	MER0089290	Serine	S	S08	239.2
FUN_008252-T1	MER0211511	Serine	S	S33	101.3
FUN_008292-T1	MER0296947	Serine	S	S10	136.7
FUN_008332-T1	MER0280604	Cysteine	C	C48	165.2
FUN_008341-T1	MER0135194	Metallo	M	M01	272.3
FUN_008368-T1	MER0417925	Metallo	M	M41	150.2
FUN_008405-T1	MER0710324	Cysteine	C	C19	70.5
FUN_008430-T1	MER0215416	Serine	S	S33	273.5
FUN_008435-T1	MER0990916	Serine	S	S08	75.5
FUN_008488-T1	MER0034974	Cysteine	C	C44	168.3
FUN_008492-T1	MER0135176	Serine	S	S09	94.4
FUN_008519-T1	MER0125609	Serine	S	S54	73.9
FUN_008538-T1	MER0966827	Serine	S	S01	194.5
FUN_008596-T1	MER0013813	Serine	S	S08	169.5
FUN_008597-T1	MER0401900	Serine	S	S08	129.8
FUN_008612-T1	MER0401753	Serine	S	S08	199.5
FUN_008681-T1	MER0605018	Serine	S	S33	126.7
FUN_008707-T1	MER0709361	Cysteine	C	C19	376.7
FUN_008783-T1	MER0236575	Threonine	T	T01	141.4
FUN_008865-T1	MER0626177	Serine	S	S09	97.8
FUN_008981-T1	MER0974169	Serine	S	S08	114.8
FUN_009023-T1	MER0905101	Metallo	M	M67	133.3
FUN_009090-T1	MER0424901	Cysteine	C	C19	110.5
FUN_009121-T1	MER1174257	Cysteine	C	C13	208.0
FUN_009126-T1	MER0078074	Serine	S	S33	113.2
FUN_009138-T1	MER0090163	Cysteine	C	C44	199.5
FUN_009140-T1	MER0417925	Metallo	M	M41	93.2
FUN_009176-T1	MER0980360	Serine	S	S08	77.0
FUN_009179-T1	MER1118992	Metallo	M	M24	186.0
FUN_009314-T1	MER0978108	Serine	S	S08	79.3
FUN_009322-T1	MER0978108	Serine	S	S08	79.3
FUN_009381-T1	MER0931841	Cysteine	C	C115	209.1
FUN_009383-T1	MER0850257	Metallo	M	M20	251.5
FUN_009411-T1	MER0794537	Unknown	I	I87	158.3
FUN_009456-T1	MER0003554	Metallo	M	M16	98.2
FUN_009506-T1	MER0041548	Serine	S	S08	97.4
FUN_009662-T1	MER0483826	Threonine	T	T01	141.7
FUN_009784-T1	MER0983813	Serine	S	S08	184.5
FUN_009800-T1	MER0254727	Cysteine	C	C26	161.8
FUN_009873-T1	MER0158050	Serine	S	S09	268.5
FUN_009985-T1	MER1229914	Metallo	M	M14	617.5
FUN_010158-T1	MER0912530	Unknown	G	G05	117.5
FUN_010182-T1	MER0385347	Cysteine	C	C56	72.0
FUN_010188-T1	MER0135176	Serine	S	S09	110.2
FUN_010198-T1	MER0401753	Serine	S	S08	137.1
FUN_010213-T1	MER1172720	Cysteine	C	C12	290.8
FUN_010237-T1	MER0424897	Serine	S	S01	142.5
FUN_010247-T1	MER0089290	Serine	S	S08	239.2
FUN_010256-T1	MER0239966	Serine	S	S08	265.0
FUN_010325-T1	MER0157493	Serine	S	S09	134.8
FUN_010338-T1	MER0424818	Cysteine	C	C19	137.1
FUN_010373-T1	MER1285772	Serine	S	S08	94.4
FUN_010402-T1	MER0156515	Serine	S	S09	89.0
FUN_010487-T1	MER0402139	Serine	S	S08	165.6
FUN_010637-T1	MER0037116	Cysteine	C	C44	154.8
FUN_010671-T1	MER1337075	Serine	S	S26	186.8
FUN_010672-T1	MER1337300	Serine	S	S26	243.0
FUN_010683-T1	MER0983813	Serine	S	S08	176.4
FUN_010690-T1	MER0045879	Serine	S	S09	121.3
FUN_010780-T1	MER0039484	Cysteine	C	C14	71.2
FUN_010796-T1	MER1153440	Metallo	M	M20	68.6
FUN_010797-T1	MER0373012	Cysteine	C	C26	80.1
FUN_010820-T1	MER0211666	Serine	S	S08	142.5
FUN_010837-T1	MER0135081	Metallo	M	M24	179.1
FUN_011178-T1	MER1073240	Serine	S	S49	125.6
FUN_011313-T1	MER1118174	Unknown	I	I04	74.7
FUN_011347-T1	MER0003554	Metallo	M	M16	122.5
FUN_011429-T1	MER0241374	Cysteine	C	C14	84.0
FUN_011442-T1	MER1224559	Metallo	M	M13	596.7
FUN_011462-T1	MER0114503	Cysteine	C	C14	166.4
FUN_011463-T1	MER0039444	Cysteine	C	C26	138.7
FUN_011479-T1	MER0544633	Metallo	M	M20	74.3
FUN_011730-T1	MER0413690	Serine	S	S16	114.8
FUN_011732-T1	MER0045604	Serine	S	S08	179.5
FUN_011777-T1	MER1287015	Serine	S	S08	290.8
FUN_011818-T1	MER0135086	Metallo	M	M38	137.1
FUN_011893-T1	MER0975494	Serine	S	S08	132.1
FUN_011928-T1	MER0442969	Metallo	M	M38	81.6
FUN_011949-T1	MER0452070	Cysteine	C	C26	98.6
FUN_011964-T1	MER0045604	Serine	S	S08	201.1
FUN_011973-T1	MER0135101	Threonine	T	T01	296.6
FUN_012065-T1	MER0650414	Cysteine	C	C14	73.9
FUN_012115-T1	MER0187695	Threonine	T	T01	110.2
FUN_012138-T1	MER0626224	Metallo	M	M38	112.8
FUN_012170-T1	MER0980296	Serine	S	S08	209.1
FUN_012171-T1	MER0236327	Serine	S	S08	134.4
FUN_012198-T1	MER0967635	Serine	S	S08	198.7
FUN_012236-T1	MER0945280	Serine	S	S10	91.3
FUN_012312-T1	MER0650414	Cysteine	C	C14	77.4
FUN_012342-T1	MER1231102	Metallo	M	M14	529.3
FUN_012347-T1	MER0925599	Metallo	M	M16	127.9
FUN_012400-T1	MER0162421	Serine	S	S08	86.3
FUN_012438-T1	MER0003554	Metallo	M	M16	143.3
FUN_012478-T1	MER0795086	Unknown	I	I87	343.6
FUN_012505-T1	MER0247674	Serine	S	S08	137.1
FUN_012539-T1	MER0612204	Metallo	M	M12	77.4
FUN_012581-T1	MER0136004	Serine	S	S33	176.4
FUN_012654-T1	MER0253991	Metallo	M	M67	100.9
FUN_012792-T1	MER0232992	Serine	S	S08	192.2
FUN_012888-T1	MER0086400	Serine	S	S08	193.0
FUN_012941-T1	MER1184435	Metallo	M	M03	824.3
FUN_012942-T1	MER0729293	Cysteine	C	C54	88.2
FUN_012994-T1	MER0059358	Serine	S	S09	194.1
FUN_013180-T1	MER1091082	Threonine	T	T01	230.3
FUN_013199-T1	MER1181725	Metallo	M	M01	127.5
FUN_013377-T1	MER0195833	Unknown	N	N11	95.5
FUN_013562-T1	MER0552040	Serine	S	S54	102.1
FUN_013782-T1	MER1229991	Metallo	M	M14	649.8
FUN_013920-T1	MER0612204	Metallo	M	M12	80.1
FUN_013968-T1	MER0268172	Serine	S	S09	131.0
FUN_013988-T1	MER0977328	Serine	S	S08	149.8
FUN_014040-T1	MER0795086	Unknown	I	I87	344.4
FUN_014260-T1	MER0665886	Cysteine	C	C19	97.8
FUN_014269-T1	MER1130320	Aspartic	A	A01	226.9
FUN_014291-T1	MER1231102	Metallo	M	M14	528.5
FUN_014470-T1	MER0858621	Metallo	M	M36	421.4
FUN_014541-T1	MER0033073	Metallo	M	M16	215.7
FUN_014647-T1	MER0980070	Serine	S	S08	130.2
FUN_014755-T1	MER0236327	Serine	S	S08	154.1
FUN_014756-T1	MER0983971	Serine	S	S08	213.8
FUN_014910-T1	MER1339080	Serine	S	S33	531.9
FUN_014911-T1	MER1339080	Serine	S	S33	340.5
FUN_014925-T1	MER1365226	Cysteine	C	C19	71.2
FUN_014944-T1	MER0709089	Cysteine	C	C19	106.3
FUN_014990-T1	MER0239966	Serine	S	S08	265.8
FUN_015060-T1	MER0975633	Serine	S	S08	138.3
FUN_015207-T1	MER0498729	Cysteine	C	C26	255.4
FUN_015251-T1	MER1229683	Metallo	M	M14	466.8
FUN_015513-T1	MER0136044	Serine	S	S09	190.7
FUN_015626-T1	MER0149637	Serine	S	S09	80.5
FUN_015653-T1	MER0138715	Cysteine	C	C14	310.1
FUN_015705-T1	MER0995680	Serine	S	S09	199.1
FUN_015721-T1	MER1229991	Metallo	M	M14	649.0
FUN_015742-T1	MER0318214	Cysteine	C	C14	82.4
FUN_015832-T1	MER0123275	Serine	S	S08	232.3
FUN_015932-T1	MER0254249	Metallo	M	M20	184.5
FUN_016218-T1	MER1076893	Serine	S	S54	118.6
FUN_016330-T1	MER1305062	Serine	S	S09	332.8
FUN_016349-T1	MER0896493	Metallo	M	M18	459.9
FUN_016380-T1	MER0478099	Serine	S	S09	131.0
FUN_016444-T1	MER0626029	Serine	S	S09	172.9
FUN_016508-T1	MER0697494	Cysteine	C	C15	111.3
FUN_016597-T1	MER1076986	Serine	S	S54	98.2
FUN_016665-T1	MER1091082	Threonine	T	T01	230.3
FUN_016747-T1	MER0216999	Serine	S	S01	92.4
FUN_016814-T1	MER0233382	Serine	S	S10	131.0
FUN_016866-T1	MER1179995	Metallo	M	M01	315.1
FUN_016880-T1	MER0796571	Unknown	I	I87	212.2
FUN_016886-T1	MER0796571	Unknown	I	I87	212.2
FUN_016985-T1	MER0811888	Metallo	M	M01	278.9
FUN_017047-T1	MER0399254	Metallo	M	M41	352.8
FUN_017163-T1	MER0400778	Cysteine	C	C97	176.0
FUN_017183-T1	MER0064796	Serine	S	S08	163.3
FUN_017271-T1	MER0992896	Serine	S	S09	275.4
FUN_017280-T1	MER0135085	Serine	S	S09	122.5
FUN_017296-T1	MER1305062	Serine	S	S09	332.8
FUN_017442-T1	MER0136016	Serine	S	S08	233.0
FUN_017486-T1	MER0135297	Metallo	M	M24	278.1
FUN_017492-T1	MER0974700	Serine	S	S08	136.0
FUN_017648-T1	MER0247674	Serine	S	S08	137.5
FUN_017745-T1	MER0285623	Metallo	M	M41	84.3
FUN_017760-T1	MER1289393	Serine	S	S08	178.3
FUN_017779-T1	MER0318214	Cysteine	C	C14	81.3
FUN_017808-T1	MER0414684	Metallo	M	M01	132.9
FUN_017874-T1	MER0041548	Serine	S	S08	281.2
FUN_017952-T1	MER0032862	Cysteine	C	C44	370.5
FUN_017995-T1	MER0974578	Serine	S	S08	142.9
FUN_017997-T1	MER0166857	Threonine	T	T01	329.3
FUN_018068-T1	MER1090171	Threonine	T	T01	273.9
FUN_018076-T1	MER0269263	Metallo	M	M41	80.5
FUN_018131-T1	MER0213858	Serine	S	S33	465.7
FUN_018257-T1	MER0135193	Metallo	M	M36	342.8
FUN_018291-T1	MER0981796	Serine	S	S08	155.2
FUN_018318-T1	MER1339080	Serine	S	S33	320.1
FUN_018319-T1	MER1339080	Serine	S	S33	358.6
FUN_018400-T1	MER0474947	Metallo	M	M02	511.5
FUN_018402-T1	MER0794537	Unknown	I	I87	268.1
FUN_018421-T1	MER0135141	Metallo	M	M28	120.6
FUN_018485-T1	MER1292262	Serine	S	S09	374.4
FUN_018491-T1	MER0850257	Metallo	M	M20	251.5
FUN_018537-T1	MER1305062	Serine	S	S09	292.0
FUN_018587-T1	MER1051666	Serine	S	S26	139.0
FUN_018623-T1	MER0122951	Metallo	M	M67	380.9
FUN_018670-T1	MER0122951	Metallo	M	M67	390.6
FUN_018685-T1	MER0045879	Serine	S	S09	121.7
FUN_018686-T1	MER0050690	Serine	S	S08	276.2
FUN_018699-T1	MER1224559	Metallo	M	M13	993.0
FUN_018701-T1	MER0135878	Serine	S	S54	137.1
FUN_018738-T1	MER0709928	Cysteine	C	C19	342.8
FUN_018797-T1	MER0183509	Serine	S	S08	194.1
FUN_018810-T1	MER1073240	Serine	S	S49	142.9
FUN_018847-T1	MER0852284	Metallo	M	M20	116.7
FUN_018904-T1	MER0967635	Serine	S	S08	198.7
FUN_018939-T1	MER0579020	Cysteine	C	C48	82.0
FUN_018944-T1	MER0524325	Aspartic	A	A22	190.7
FUN_018953-T1	MER0478099	Serine	S	S09	129.4
FUN_019033-T1	MER0470402	Threonine	T	T01	100.9
FUN_019070-T1	MER0417925	Metallo	M	M41	99.8
FUN_019081-T1	MER0928180	Metallo	M	M16	186.4
FUN_019120-T1	MER0176173	Cysteine	C	C14	308.1
FUN_019127-T1	MER0413366	Serine	S	S01	107.1
FUN_019188-T1	MER0102486	Metallo	M	M24	225.3
FUN_019264-T1	MER1231102	Metallo	M	M14	407.1
FUN_019347-T1	MER0216999	Serine	S	S01	115.5
FUN_019396-T1	MER0553465	Serine	S	S09	124.8
FUN_019411-T1	MER0452811	Threonine	T	T01	262.3
FUN_019416-T1	MER0065772	Cysteine	C	C26	485.7
FUN_019511-T1	MER0187574	Metallo	M	M38	237.7
FUN_019540-T1	MER1292259	Serine	S	S09	546.2
FUN_019560-T1	MER0236365	Serine	S	S08	156.0
FUN_019624-T1	MER0455134	Cysteine	C	C44	473.0
FUN_019645-T1	MER1050927	Serine	S	S26	167.9
FUN_019697-T1	MER0801266	Unknown	I	I87	173.7
FUN_019752-T1	MER0931841	Cysteine	C	C115	208.4
FUN_019780-T1	MER0354346	Serine	S	S12	94.7
FUN_019781-T1	MER0136016	Serine	S	S08	163.3
FUN_019800-T1	MER0136016	Serine	S	S08	247.7
FUN_019812-T1	MER1248836	Metallo	M	M28	296.2
FUN_019822-T1	MER0038187	Serine	S	S33	289.7
FUN_019827-T1	MER1229914	Metallo	M	M14	413.7
FUN_019847-T1	MER0145925	Serine	S	S09	194.1
FUN_019916-T1	MER0712723	Cysteine	C	C19	303.5
FUN_019959-T1	MER1152565	Cysteine	C	C14	142.5
FUN_020029-T1	MER0424864	Cysteine	C	C19	260.0
FUN_020039-T1	MER0135193	Metallo	M	M36	342.8
FUN_020045-T1	MER0234442	Serine	S	S33	268.5
FUN_020089-T1	MER0850257	Metallo	M	M20	189.1
FUN_020104-T1	MER0293927	Cysteine	C	C19	152.9
FUN_020106-T1	MER0293927	Cysteine	C	C19	152.1
FUN_020122-T1	MER0209037	Serine	S	S33	89.4
FUN_020147-T1	MER0143173	Cysteine	C	C14	80.9
FUN_020194-T1	MER0625291	Serine	S	S33	214.9
FUN_020201-T1	MER0210647	Serine	S	S33	406.0
FUN_020204-T1	MER0985294	Serine	S	S08	203.4
FUN_020216-T1	MER1081454	Serine	S	S54	87.0
FUN_020253-T1	MER0975891	Serine	S	S08	142.9
FUN_020288-T1	MER0809079	Unknown	I	I87	95.1
FUN_020347-T1	MER0141065	Serine	S	S08	114.4
FUN_020374-T1	MER0048892	Serine	S	S08	97.8
FUN_020391-T1	MER0715954	Cysteine	C	C19	364.8
FUN_020489-T1	MER0191797	Serine	S	S08	153.7
FUN_020514-T1	MER1229914	Metallo	M	M14	382.1
FUN_020515-T1	MER1230513	Metallo	M	M14	566.6
FUN_020516-T1	MER0975909	Serine	S	S08	114.0
FUN_020524-T1	MER0786813	Unknown	I	I51	72.0
FUN_020568-T1	MER0240818	Serine	S	S12	112.8
FUN_020578-T1	MER0514489	Cysteine	C	C48	83.2
FUN_020588-T1	MER0424825	Threonine	T	T01	169.5
FUN_020590-T1	MER0494730	Metallo	M	M17	322.0
FUN_020669-T1	MER0152948	Serine	S	S09	132.1
FUN_020742-T1	MER0135297	Metallo	M	M24	165.6
FUN_020809-T1	MER0123705	Metallo	M	M03	164.1
FUN_020814-T1	MER1099004	Threonine	T	T03	424.1
FUN_020834-T1	MER0318183	Cysteine	C	C14	96.7
FUN_020881-T1	MER1230036	Metallo	M	M14	165.2
FUN_020910-T1	MER0216182	Serine	S	S09	95.9
FUN_020976-T1	MER1363039	Serine	S	S33	127.1
FUN_021118-T1	MER0967635	Serine	S	S08	219.2
FUN_021129-T1	MER0579688	Serine	S	S33	201.4
FUN_021161-T1	MER1094773	Threonine	T	T02	174.5
FUN_021178-T1	MER0711885	Cysteine	C	C19	196.1
FUN_021185-T1	MER1185074	Metallo	M	M03	743.0
FUN_021194-T1	MER0896493	Metallo	M	M18	459.1
FUN_021211-T1	MER0859177	Metallo	M	M38	404.8
FUN_021233-T1	MER0216999	Serine	S	S01	93.2
FUN_021236-T1	MER0136082	Threonine	T	T01	307.0
FUN_021259-T1	MER1223564	Metallo	M	M13	163.7
FUN_021264-T1	MER1081454	Serine	S	S54	85.1
FUN_021290-T1	MER1223564	Metallo	M	M13	162.9
FUN_021328-T1	MER0135229	Serine	S	S09	111.3
FUN_021338-T1	MER0136063	Serine	S	S33	202.2
FUN_021427-T1	MER0191817	Serine	S	S08	92.4
FUN_021429-T1	MER0124433	Metallo	M	M76	204.1
FUN_021446-T1	MER0995680	Serine	S	S09	200.3
FUN_021459-T1	MER1249016	Metallo	M	M28	349.4
FUN_021463-T1	MER0135284	Serine	S	S33	157.1
FUN_021484-T1	MER0905739	Metallo	M	M67	515.8
FUN_021505-T1	MER0444154	Serine	S	S33	134.4
FUN_021518-T1	MER0922496	Metallo	M	M16	261.5
FUN_021526-T1	MER0191797	Serine	S	S08	130.2
